-- hacemos inserts con IA
INSERT INTO alumnos (Identificador, nombre, apellidos) VALUES
(1, 'Laura', 'García López'),
(2, 'Carlos', 'Martínez Ruiz'),
(3, 'Ana', 'Sánchez Gómez'),
(4, 'Mario', 'López Díaz'),
(5, 'Lucía', 'Fernández Pérez'),
(6, 'Diego', 'Rodríguez Morales'),
(7, 'Paula', 'Hernández Torres'),
(8, 'Javier', 'Jiménez Ortiz'),
(9, 'Sara', 'Romero García'),
(10, 'David', 'Navarro Sánchez'),
(11, 'Carmen', 'Ruiz Domínguez'),
(12, 'Álvaro', 'Castro León'),
(13, 'Elena', 'Pascual Ferrer'),
(14, 'Rubén', 'Santos Iglesias'),
(15, 'Nuria', 'Vega Calderón'),
(16, 'Victor', 'Rey Alonso'),
(17, 'Sofía', 'Iglesias Martín'),
(18, 'Hugo', 'Díaz Serrano'),
(19, 'Irene', 'Soria Delgado'),
(20, 'Pablo', 'Cano Fuentes'),
(21, 'Marta', 'Roldán Herrera'),
(22, 'Andrés', 'Méndez Soto'),
(23, 'Isabel', 'Medina Blanco'),
(24, 'Raúl', 'Gil Montes'),
(25, 'Alicia', 'Caballero Torres'),
(26, 'Óscar', 'Crespo Vidal'),
(27, 'Natalia', 'Martín Escudero'),
(28, 'Sergio', 'Rubio Benítez'),
(29, 'Patricia', 'Aguilar Crespo'),
(30, 'Tomás', 'Peña Ramos'),
(31, 'Eva', 'Serrano Cortés'),
(32, 'Jaime', 'Calderón Ruiz'),
(33, 'Rosa', 'Bravo Lozano'),
(34, 'Adrián', 'Esteban Pardo'),
(35, 'Pilar', 'Nieto Lozano'),
(36, 'Enrique', 'Sáez Moreno'),
(37, 'Claudia', 'Prieto Castaño'),
(38, 'Alejandro', 'Román Salas'),
(39, 'Beatriz', 'Herrero Parra'),
(40, 'Joel', 'Benito Aranda'),
(41, 'Guillermo', 'Moya Páez'),
(42, 'Aitana', 'Requena Torres'),
(43, 'Marcos', 'Vicente Andrés'),
(44, 'Ángela', 'Corrales Pino'),
(45, 'Esther', 'Montes Navas'),
(46, 'Iván', 'Herrera Valle'),
(47, 'Lidia', 'Pardo Díaz'),
(48, 'Samuel', 'Ros Castillo'),
(49, 'Andrea', 'Campos Lozano'),
(50, 'Francisco', 'Tejada Ramos');


INSERT INTO profesores (Identificador, nombre, apellidos) VALUES
(1, 'Manuel', 'Gómez Ruiz'),
(2, 'Teresa', 'Santos Moreno'),
(3, 'Alfredo', 'López Cabrera'),
(4, 'Cristina', 'Martín Soria'),
(5, 'Jorge', 'Delgado Pérez'),
(6, 'Rocío', 'Garrido León'),
(7, 'Fernando', 'Castillo Ramos'),
(8, 'Silvia', 'Morales Díaz'),
(9, 'Luis', 'Herrera Solís'),
(10, 'Patricia', 'García Requena'),
(11, 'Gonzalo', 'Fuentes Bravo'),
(12, 'Lorena', 'Rubio Crespo'),
(13, 'Alberto', 'Navarro Iglesias'),
(14, 'María', 'Cano Serrano'),
(15, 'Víctor', 'Reyes Batista'),
(16, 'Begoña', 'Calvo Lanza'),
(17, 'Héctor', 'Velasco Prieto'),
(18, 'Sonia', 'Campos Núñez'),
(19, 'Raquel', 'Benítez Ramos'),
(20, 'Ricardo', 'Vidal Calderón');


INSERT INTO asignaturas (Identificador, nombre, id_profesor) VALUES
(1, 'Matemáticas I', 1),
(2, 'Lengua Española', 2),
(3, 'Historia Moderna', 3),
(4, 'Biología General', 4),
(5, 'Física I', 5),
(6, 'Química I', 6),
(7, 'Geografía', 7),
(8, 'Literatura Universal', 8),
(9, 'Educación Física', 9),
(10, 'Inglés Básico', 10),
(11, 'Economía', 11),
(12, 'Tecnología', 12),
(13, 'Música', 13),
(14, 'Arte y Dibujo', 14),
(15, 'Francés', 15),
(16, 'Informática I', 16),
(17, 'Programación Python', 17),
(18, 'Bases de Datos', 18),
(19, 'Sistemas Operativos', 19),
(20, 'Redes y Comunicaciones', 20),
(21, 'Matemáticas II', 1),
(22, 'Inglés Avanzado', 10),
(23, 'Robótica', 12),
(24, 'Anatomía', 4),
(25, 'Ciencias de la Tierra', 7),
(26, 'Estadística', 11),
(27, 'Ética y Filosofía', 3),
(28, 'Educación Plástica', 14),
(29, 'Desarrollo Web', 17),
(30, 'Inteligencia Artificial', 18);


INSERT INTO matriculas (Identificador, id_asignatura, id_alumno) VALUES
(1, 1, 1),(2, 1, 2),(3, 1, 3),(4, 1, 4),(5, 1, 5),
(6, 2, 1),(7, 2, 6),(8, 2, 7),(9, 2, 8),(10, 2, 9),
(11, 3, 10),(12, 3, 11),(13, 3, 12),(14, 3, 13),(15, 3, 14),
(16, 4, 15),(17, 4, 16),(18, 4, 17),(19, 4, 18),(20, 4, 19),
(21, 5, 20),(22, 5, 21),(23, 5, 22),(24, 5, 23),(25, 5, 24),
(26, 6, 25),(27, 6, 26),(28, 6, 27),(29, 6, 28),(30, 6, 29),
(31, 7, 30),(32, 7, 31),(33, 7, 32),(34, 7, 33),(35, 7, 34),
(36, 8, 35),(37, 8, 36),(38, 8, 37),(39, 8, 38),(40, 8, 39),
(41, 9, 40),(42, 9, 41),(43, 9, 42),(44, 9, 43),(45, 9, 44),
(46, 10, 45),(47, 10, 46),(48, 10, 47),(49, 10, 48),(50, 10, 49),
(51, 11, 50),(52, 11, 1),(53, 11, 2),(54, 11, 3),(55, 11, 4),
(56, 12, 5),(57, 12, 6),(58, 12, 7),(59, 12, 8),(60, 12, 9),
(61, 13, 10),(62, 13, 11),(63, 13, 12),(64, 13, 13),(65, 13, 14),
(66, 14, 15),(67, 14, 16),(68, 14, 17),(69, 14, 18),(70, 14, 19),
(71, 15, 20),(72, 15, 21),(73, 15, 22),(74, 15, 23),(75, 15, 24),
(76, 16, 25),(77, 16, 26),(78, 16, 27),(79, 16, 28),(80, 16, 29),
(81, 17, 30),(82, 17, 31),(83, 17, 32),(84, 17, 33),(85, 17, 34),
(86, 18, 35),(87, 18, 36),(88, 18, 37),(89, 18, 38),(90, 18, 39),
(91, 19, 40),(92, 19, 41),(93, 19, 42),(94, 19, 43),(95, 19, 44),
(96, 20, 45),(97, 20, 46),(98, 20, 47),(99, 20, 48),(100, 20, 49),
(101, 21, 50),(102, 21, 1),(103, 21, 2),(104, 21, 3),(105, 21, 4),
(106, 22, 5),(107, 22, 6),(108, 22, 7),(109, 22, 8),(110, 22, 9),
(111, 23, 10),(112, 23, 11),(113, 23, 12),(114, 23, 13),(115, 23, 14),
(116, 24, 15),(117, 24, 16),(118, 24, 17),(119, 24, 18),(120, 24, 19);
